Celltype,Species,Cellcluster,colors_lineage
Epithelial_Ciona15,Ciona_intestinalis,Epithelial,#E7298A
Neuron_Ciona13,Ciona_intestinalis,Neuron,#D95F02
Neuron_Ciona16,Ciona_intestinalis,Neuron,#D95F02
Epithelial_Ciona9,Ciona_intestinalis,Epithelial,#E7298A
Epithelial_Ciona12,Ciona_intestinalis,Epithelial,#E7298A
Epithelial_Ciona10,Ciona_intestinalis,Epithelial,#E7298A
Epithelial_Ciona14,Ciona_intestinalis,Epithelial,#E7298A
Mesenchyme_Ciona27,Ciona_intestinalis,Mesenchyme,#B3DE69
Mesenchyme_Ciona3,Ciona_intestinalis,Mesenchyme,#B3DE69
Mesenchyme_Ciona17,Ciona_intestinalis,Mesenchyme,#B3DE69
Mesenchyme_Ciona28,Ciona_intestinalis,Mesenchyme,#B3DE69
Mesenchyme_Ciona20,Ciona_intestinalis,Mesenchyme,#B3DE69
Mesenchyme_Ciona25,Ciona_intestinalis,Mesenchyme,#B3DE69
Mesenchyme_Ciona2,Ciona_intestinalis,Mesenchyme,#B3DE69
Mesenchyme_Ciona23,Ciona_intestinalis,Mesenchyme,#B3DE69
Mesenchyme_Ciona24,Ciona_intestinalis,Mesenchyme,#B3DE69
Neuron_Ciona11,Ciona_intestinalis,Neuron,#D95F02
Neuron_Ciona29,Ciona_intestinalis,Neuron,#D95F02
Muscle_Ciona26,Ciona_intestinalis,Muscle,#66A61E
Notochord_Ciona31,Ciona_intestinalis,Notochord,#CCEBC5
Mesenchyme_Ciona1,Ciona_intestinalis,Mesenchyme,#B3DE69
Mesenchyme_Ciona21,Ciona_intestinalis,Mesenchyme,#B3DE69
Muscle_Ciona8,Ciona_intestinalis,Muscle,#66A61E
Endoderm_Ciona33,Ciona_intestinalis,Endoderm,#A6761D
Endoderm_Ciona34,Ciona_intestinalis,Endoderm,#A6761D
Endoderm_Ciona35,Ciona_intestinalis,Endoderm,#A6761D
Endoderm_Ciona36,Ciona_intestinalis,Endoderm,#A6761D
Germ_Ciona5,Ciona_intestinalis,Germ,lightblue
Muscle_Ciona30,Ciona_intestinalis,Muscle,#66A61E
Endoderm_Ciona32,Ciona_intestinalis,Endoderm,#A6761D
Mesenchyme_Ciona4,Ciona_intestinalis,Mesenchyme,#B3DE69
Mesenchyme_Ciona7,Ciona_intestinalis,Mesenchyme,#B3DE69
Neuron_Ciona22,Ciona_intestinalis,Neuron,#D95F02
Neuron_Ciona18,Ciona_intestinalis,Neuron,#D95F02
Neuron_Ciona19,Ciona_intestinalis,Neuron,#D95F02
Neuron_Ciona6,Ciona_intestinalis,Neuron,#D95F02
